id,first_name,last_name,email,gender,birth_year
1,Nicoline,Durtnal,ndurtnal0@umn.edu,Agender,1993
2,Gladi,Morratt,gmorratt1@youku.com,Bigender,1984
3,Martainn,Algate,malgate2@archive.org,Female,2003
4,Lowell,Howison,lhowison3@cloudflare.com,Bigender,2002
5,Drud,Scamerdine,dscamerdine4@dedecms.com,Genderqueer,1992
6,Tammie,Cockaday,tcockaday5@disqus.com,Polygender,1993
7,Sigmund,Tredget,stredget6@state.tx.us,Male,1999
8,Crin,Gregolotti,cgregolotti7@fc2.com,Female,2002
9,Lacey,Kalkhoven,lkalkhoven8@elegantthemes.com,Non-binary,1992
10,Amata,Annion,aannion9@reddit.com,Bigender,2006
11,Derrik,Morville,dmorvillea@github.io,Non-binary,1994
12,Emili,Lower,elowerb@marriott.com,Non-binary,2006
13,Terese,Hebditch,thebditchc@tamu.edu,Polygender,2010
14,Kingston,Handrok,khandrokd@foxnews.com,Non-binary,2010
15,Mattie,Dubber,mdubbere@soup.io,Female,1998
16,Aaron,Yarham,ayarhamf@free.fr,Genderqueer,1995
17,Emma,Row,erowg@imageshack.us,Male,2003
18,Helenka,Jeakins,hjeakinsh@squarespace.com,Polygender,1988
19,Lucia,Lyddiatt,llyddiatti@foxnews.com,Genderqueer,2010
20,Karoly,Amesbury,kamesburyj@cbslocal.com,Polygender,1990
21,Emlyn,Visco,eviscok@merriam-webster.com,Polygender,2006
22,Alethea,Burnall,aburnalll@geocities.com,Non-binary,1985
23,Legra,Bonnell,lbonnellm@apple.com,Non-binary,1996
24,Ralph,Capnerhurst,rcapnerhurstn@over-blog.com,Non-binary,2001
25,Rhona,Llorente,rllorenteo@google.pl,Polygender,1984
26,Karlie,Cranson,kcransonp@weebly.com,Male,2007
27,Morton,Wessing,mwessingq@shinystat.com,Bigender,1998
28,Gail,Sooper,gsooperr@de.vu,Male,2012
29,Tansy,Heales,thealess@paginegialle.it,Agender,1998
30,Lorrie,Izakof,lizakoft@blogtalkradio.com,Bigender,2006
31,Alvira,Brader,abraderu@ycombinator.com,Genderqueer,2005
32,Abbie,Ringsell,aringsellv@mtv.com,Genderqueer,2008
33,Thomasa,Gabbatiss,tgabbatissw@mashable.com,Genderqueer,1999
34,Lynett,Peachey,lpeacheyx@independent.co.uk,Genderqueer,1998
35,Cobbie,Drivers,cdriversy@uiuc.edu,Bigender,1998
36,Batholomew,Nesbit,bnesbitz@sourceforge.net,Female,1998
37,Royal,Deeney,rdeeney10@seattletimes.com,Genderfluid,2008
38,Loreen,Lowth,llowth11@goodreads.com,Polygender,2001
39,Julita,Agglione,jagglione12@nymag.com,Male,2005
40,Berrie,Cumberland,bcumberland13@lulu.com,Polygender,2009
41,Read,Cashin,rcashin14@wp.com,Male,2011
42,Del,Swanborrow,dswanborrow15@list-manage.com,Genderfluid,2001
43,Zarah,Ronci,zronci16@apple.com,Female,1992
44,Warren,Poynor,wpoynor17@springer.com,Female,2007
45,Hollie,Cleynman,hcleynman18@java.com,Agender,2001
46,Yoshiko,Yurikov,yyurikov19@earthlink.net,Female,2013
47,Dru,Rosenblum,drosenblum1a@foxnews.com,Bigender,2007
48,Marga,Liveley,mliveley1b@topsy.com,Male,1993
49,Aloise,Del Checolo,adelchecolo1c@arstechnica.com,Male,2005
50,Pru,Farncomb,pfarncomb1d@diigo.com,Female,1995
51,Daniele,Florentine,dflorentine1e@sitemeter.com,Agender,2006
52,Waldemar,Jeckells,wjeckells1f@mozilla.com,Bigender,2012
53,Roxane,Manford,rmanford1g@prnewswire.com,Agender,2004
54,Nathalia,Jacobsohn,njacobsohn1h@ezinearticles.com,Female,2004
55,Ikey,Ruckman,iruckman1i@nhs.uk,Male,2000
56,Dorelle,Renak,drenak1j@si.edu,Male,1997
57,Lon,Wetherhead,lwetherhead1k@phpbb.com,Bigender,1995
58,Sile,Bruhnicke,sbruhnicke1l@bloomberg.com,Genderqueer,1996
59,Axel,Le Grys,alegrys1m@go.com,Male,2011
60,Ruthi,Stroband,rstroband1n@narod.ru,Bigender,2009
61,Winona,Rouby,wrouby1o@yolasite.com,Male,2006
62,Malissia,Simoncelli,msimoncelli1p@netlog.com,Polygender,2007
63,Othilia,Dillintone,odillintone1q@theatlantic.com,Male,2012
64,Kyrstin,Cornew,kcornew1r@buzzfeed.com,Non-binary,2003
65,Jedd,Caswall,jcaswall1s@wix.com,Female,1991
66,Aline,Dodding,adodding1t@google.com.hk,Male,2004
67,Chickie,Beevens,cbeevens1u@netscape.com,Non-binary,1995
68,Cazzie,Dell'Abbate,cdellabbate1v@nih.gov,Non-binary,1996
69,Mick,Taplow,mtaplow1w@forbes.com,Female,2002
70,Colman,Navarijo,cnavarijo1x@jugem.jp,Male,2000
71,Deane,Bazek,dbazek1y@i2i.jp,Agender,2000
72,Cathlene,MacMaster,cmacmaster1z@hud.gov,Male,2007
73,Elfie,Wrate,ewrate20@squidoo.com,Agender,1991
74,Rube,Cadwaladr,rcadwaladr21@senate.gov,Female,2009
75,Vince,Gimlet,vgimlet22@hubpages.com,Male,2009
76,Wallis,Bonnett,wbonnett23@nih.gov,Male,2003
77,Corbett,Silverwood,csilverwood24@cafepress.com,Genderfluid,1997
78,Edita,Ring,ering25@tuttocitta.it,Male,2011
79,Corrie,Blunkett,cblunkett26@photobucket.com,Bigender,1993
80,Nettle,McMonies,nmcmonies27@newyorker.com,Polygender,2001
81,Maxim,Gaenor,mgaenor28@istockphoto.com,Agender,2001
82,Luther,Bingall,lbingall29@icio.us,Genderqueer,1989
83,Sunny,Yitzovitz,syitzovitz2a@newsvine.com,Polygender,2011
84,Niccolo,Dando,ndando2b@baidu.com,Agender,2000
85,Robina,Villar,rvillar2c@altervista.org,Female,2005
86,Frederigo,Flood,fflood2d@sina.com.cn,Genderqueer,2005
87,Myrtle,Jenman,mjenman2e@tmall.com,Polygender,1993
88,Arline,Slopier,aslopier2f@nydailynews.com,Genderfluid,1992
89,Nancy,Brimelow,nbrimelow2g@craigslist.org,Male,2010
90,Angelle,Dundridge,adundridge2h@reverbnation.com,Genderqueer,2001
91,Cherie,Josephy,cjosephy2i@wunderground.com,Genderqueer,2012
92,Chance,Gerrad,cgerrad2j@meetup.com,Agender,1995
93,Rufe,Peye,rpeye2k@fda.gov,Polygender,1999
94,Joanne,Doughill,jdoughill2l@umn.edu,Genderfluid,2009
95,Norma,Deedes,ndeedes2m@goo.gl,Agender,1993
96,Dehlia,Oury,doury2n@com.com,Male,2010
97,Marcos,Treanor,mtreanor2o@engadget.com,Bigender,2004
98,Sabra,Toffler,stoffler2p@home.pl,Non-binary,2012
99,Janeczka,De Stoop,jdestoop2q@fc2.com,Bigender,2006
100,Danita,Van Saltsberg,dvansaltsberg2r@e-recht24.de,Male,2001
